id,Regioviz_item,Theme,Name,Unit,id1,id2,Formula,Year,Data_source,Last_update,Methodology,URL
REVMEN,Indicateur,Structures sociales,Revenu disponible des ménages,Euros par ménage,REV,MEN,id1/id2,2014,"Eurostat 
(Table nama_10r_2hhinc)",2017-08-01,"Le revenu disponible équivalent correspond à la masse de revenu des ménages, après impôt et autres déductions, disponible en vue d'être dépensé ou épargné, divisé par le nombre de membres du ménage converti en équivalents adultes. L’équivalence entre les membres du ménage est obtenue par pondération en fonction de l’âge, à partir de l’échelle d’équivalence « modifiée » de l’OCDE. Cet indicateur n'est donc pas à confondre avec le revenu médian, indicateur fourni par l'INSEE qu'il est plus coutumier d'utiliser dans le contexte français. 
Le revenu disponible équivalent est calculé en trois étapes.
1. D'abord, tous les revenus monétaires perçus par chaque membre du ménage, peu importe leur origine, sont additionnés. Il s'agit des revenus du travail et des placements et des prestations sociales, auxquels s’ajoute tout autre revenu perçu par le ménage, tous nets d’impôts et de cotisations sociales.
2. Ensuite, afin de prendre en compte les différences de taille et de composition des ménages, le revenu total (net) du ménage est divisé par le nombre d’équivalents adultes au moyen d’une échelle standard : l’échelle modifiée de l'OCDE. Cette échelle assigne une pondération à tous les membres du ménage (dont l’addition constitue la taille équivalente du ménage) : 1 au premier adulte; 0,5 à chaque membre âgé de 14 ans et plus et 0,3 aux enfants de moins de 14 ans.
3. Enfin, le chiffre obtenu, appelé « revenu disponible équivalent », est distribué à parts égales entre chaque membre du ménage.
Aux fins des indicateurs de pauvreté, le revenu disponible équivalent est calculé à partir du revenu disponible total de chaque ménage divisé par la taille équivalente du ménage. La période de référence pour le revenu est une période fixe de 12 mois (année calendrier ou exercice fiscal précédent, par exemple). C’est le cas pour tous les pays sauf pour le Royaume-Uni, qui prend comme période de référence l’année en cours, et l’Irlande, qui effectue cette enquête en continu à partir du revenu des douze mois écoulés.",
CHOM1574,Indicateur,Structures sociales,Taux de chômage (15-74 ans),%,CHOM_1574,ACT_1574,id1/id2*100,2016,"Eurostat - Enquête sur les forces de travail
(Tables lfst_r_lfu3rt et tlfst_r_lfp2act)",2017-09-14,"Le taux de chômage correspond au pourcentage de chômeurs dans la population active. 
Conformément aux lignes directrices établies par l’Organisation internationale du travail, un chômeur est pour Eurostat: une personne âgée de 15 à 74 ans (16 à 74 en Italie, en Espagne, au Royaume-Uni, en Islande et en Norvège) ; sans travail durant la semaine de référence; disponible pour travailler au cours des deux semaines suivantes (ou ayant déjà trouvé un emploi devant débuter dans les trois mois suivants) ; qui était activement à la recherche d’un emploi au cours des quatre semaines précédentes.",
CHOM1524,Indicateur,Structures sociales,Taux de chômage des jeunes,%,CHOM_1524,ACT_1524,id1/id2*100,2013,"Eurostat -  Enquête sur les forces de travail
(Tables lfst_r_lfu3rt et tlfst_r_lfp2act)",2017-09-14,"Le taux de chômage des jeunes est la part des individus de 15 à 24 ans sans emploi par rapport au total de la population active (occupant ou non un emploi) dans cette catégorie d’âge. 
Contrairement aux personnes âgées, de nombreux jeunes suivent des études à temps plein et, par conséquent, ne travaillent pas et ne sont pas non plus à la recherche d’un emploi (de sorte qu’ils ne font pas partie de la population active, qui est utilisée comme dénominateur pour calculer le taux de chômage). La masse des actifs de 15 à 24 ans ne représente donc en aucun cas la masse de population âgée de 15 à 24 ans.",
CHOMLONG,Indicateur,Structures sociales,Taux de chômage de longue durée,%,CHOM_LONG,ACT_LONG,id1/id2*100,2014,"Eurostat -  Enquête sur les forces de travail
(Table lfst_r_lfu2ltu)",2017-09-14,"Le taux de chômage de longue durée est le pourcentage de personnes au chômage depuis au moins 12 mois dans la population active (la population économiquement active).
Le taux de chômage est le pourcentage de chômeurs dans la population active (le nombre total de personnes occupées ou au chômage), sur la base de la définition de l'Organisation internationale du travail (OIT). Les chômeurs incluent les personnes âgées de 15 à 74 ans qui remplissent les trois conditions suivantes: - elles sont sans emploi pendant la semaine de référence; - elles sont disponibles pour commencer à travailler dans les deux semaines suivantes; - elles ont activement recherché un emploi pendant les quatre semaines précédentes ou ont trouvé un emploi à commencer dans les trois mois suivants.",
EMPPART,Indicateur,Structures sociales,Emploi à temps partiel,"Temps partiel / temps plein, %",EMP_PT,EMP_FT,id1/id2*100,2016,"Eurostat - Enquête sur les forces de travail
(Table lfst_r_lfe2eftpt)",2017-09-14,"L'emploi à temps partiel est défini par le rapport entre l'emploi à temps partiel et l'emploi à temps plein. On peut parler d'un indice d'asymétrie entre l'emploi à temps partiel et à temps plein. Ceci afin d'avoir des informations comparables d'un pays à l'autre (pour certains pays, un nombre important de ""non réponses"" a cette question est en effet à noter dans le questionnaire de la Labour Force Survey). 
La distinction entre un travail à temps plein et à temps partiel est généralement établie sur la base d’une réponse spontanée de la personne interrogée. Les principales exceptions sont les Pays-Bas, où un seuil de 35 heures est appliqué; et la Suède, où un seuil est appliqué aux travailleurs indépendants.",
CHOMFEM,Indicateur,Structures sociales,Taux de chômage. Inégalité femmes / hommes,Taux de chômage des femmes - taux de chômage des hommes,CHOM_FEM,CHOM_MAL,not relevant,2015,"Eurostat -  Enquête sur les forces de travail
(Tables lfst_r_lfu3rt et tlfst_r_lfp2act)",2017-09-14,"Écarts Femmes - Hommes en point de pourcentage sur l'indicateur du taux de chômage. Un indice supérieur à 100 signifie que le taux de chômage des femmes est supérieur à celui des hommes. 
Conformément aux lignes directrices établies par l'Organisation internationale du travail, un chômeur est pour Eurostat: une personne âgée de 15 à 74 ans (16 à 74 en Italie, en Espagne, au Royaume-Uni, en Islande et en Norvège); sans travail durant la semaine de référence; disponible pour travailler au cours des deux semaines suivantes (ou ayant déjà trouvé un emploi devant débuter dans les trois mois suivants); qui était activement à la recherche d'un emploi au cours des quatre semaines précédentes.
Le taux de chômage correspond au pourcentage de chômeurs dans la population active.",
EDUCSUP,Indicateur,Structures sociales,Adultes ayant un haut niveau d'éducation,%,ENSSUP_2564,Y25_64,id1/id2*100,2016,"Eurostat -  Enquête sur les forces de travail
(Tables edat_lfse_04 et demo_r_pjangrp3",2017-04-27,L’indicateur relatif aux diplômés de l’enseignement supérieur est défini comme le pourcentage de la population âgée de 25 à 64 ans ayant achevé avec succès des études de l’enseignement supérieur (par exemple dans une université ou un institut supérieur technique). L’enseignement supérieur correspond aux niveaux 5 à 8 de la Classification Internationale Type de l'Éducation 2011 (CITE).,
1824NDIP,Indicateur,Structures sociales,Jeunes ayant quitté prématurément l'éducation et la formation,%,Y18_24_LEAV,Y18_24,id1/id2*100,2014,"Eurostat -  Enquête sur les forces de travail
(Tables edat_lfse_16 et demo_r_pjangroup)",2017-04-27,L'indicateur des jeunes ayant quitté prématurément le système d’éducation et de formation est défini comme étant la proportion de jeunes de 18 à 24 ans qui ont au maximum suivi le premier cycle de l’enseignement secondaire (niveaux 0 à 2 de la Classification Internationale Type de l'Éducation 2011) et qui ne suivaient ni études ni formation complémentaires quatre semaines avant l’enquête sur les forces de travail à partir de laquelle les données ont été compilées.,
PIBH,Indicateur,Structures économiques,PIB par habitant (en parité),Euros (SPA) par habitant,PIB,POP_PIB,id1/id2,2014,"Eurostat
(Table nama_10r_3gdp )",2017-03-30,Le produit intérieur brut (PIB) est une mesure de l'activité économique. Il est défini comme la valeur de tous les biens et services produits moins la valeur des biens et services utilisés pour leur création. Les chiffres de base sont exprimés en Standards de Pouvoir d'Achat (SPA). C'est-à-dire dans une monnaie commune qui élimine les différences de niveaux de prix entre les pays permettant des comparaisons significatives du PIB en volume entre les pays. Globalement  l'utilisation de séries exprimées en SPA plutôt qu'en euros tend à avoir un effet de nivellement étant donné que les régions ayant un PIB par habitant très élevé en euros affichent généralement aussi des niveaux de prix relativement élevés (par exemple le coût de la vie au centre de Paris ou de Londres est généralement plus élevé que le coût de la vie dans les régions rurales de Bulgarie ou de Roumanie).,
TXEMP,Indicateur,Structures économiques,Taux d'emploi (25-64 ans),%,EMP_2564,ACT_2564,id1/id2*100,2016,"Eurostat - Enquête sur les forces de travail
(Tables lfst_r_lfe2emprt et lfst_r_lfe2emp)",2017-09-14,Le taux d’emploi est le rapport entre le nombre de personnes occupées âgées de 25 à 64 ans et le total de la population âgée de 25 à 64 ans.,
EMPTERT,Indicateur,Structures économiques,Emploi tertiaire,%,EMP_TERT,EMP_TOTAL,id1/id2*100,2015,"Eurostat - Enquête sur les forces de travail
(Table nama_10r_3empers)",2017-09-14,"Le taux d'emploi dans le secteur tertiaire est le rapport entre le nombre d'emplois dans le secteur tertiaire et l'emploi total. L'emploi dans les secteurs tertiaires comprend les secteurs suivants :
- Commerce, transport, hébergement et activités de restauration (G-I dans la Nomenclature des Activités Économiques européennes R2);
-  Information et communication (J);
- Activités financières et d'assurance; activités immobilières; activités spécialisées, scientifiques et techniques; activités de services administratifs et de soutien (K-N);
- Administration publique, défense, éducation, santé humaine et action sociale (O-Q);
-  Arts, spectacles et activités récréatives; autres activités de services; activités des ménages et extra-territoriales (R-U)",
VATERT,Indicateur,Structures économiques,Richesse produite dans le tertiaire,%,VA_TERTOT,VA_TOTAL,id1/id2*100,2013,"Eurostat - Système européen des comptes (SEC 2010)
(Table nama_10r_3gva)",2017-04-12,"La richesse produite dans le secteur tertiaire est le rapport entre la valeur ajoutée de la production du secteur tertiaire et la valeur ajoutée de la production totale. Le tertiaire comprend les secteurs suivants :
- Commerce, transport, hébergement et activités de restauration (G-I dans la Nomencature des Activités Économiques européennes R2);
-  Information et communication (J);
- Activités financières et d'assurance; activités immobilières; activités spécialisées, scientifiques et techniques; activités de services administratifs et de soutien (K-N);
- Administration publique, défense, éducation, santé humaine et action sociale (O-Q);
-  Arts, spectacles et activités récréatives; autres activités de services; activités des ménages et extra-territoriales (R-U)",
EMPADM,Indicateur,Structures économiques,Emplois de reproduction sociale,%,EMP_ADM,EMP_TOTAL,id1/id2*100,2015,"Eurostat - Enquête sur les forces de travail
(Table nama_10r_3empers)",2017-09-14,"La part d'emploi de reproduction sociale correspond au rapport entre le nombre d'emplois dans l'administration publique, la défense, l'éducation, la santé humaine et l’action sociale (secteurs O-Q de la Nomenclature des Activités Économiques européennes R2) et l'emploi total.",
EMPHTEC,Indicateur,Structures économiques,Emploi dans le secteur des hautes technologies,%,EMP_HTEC,EMP_T_HTEC,id1/id2*100,2015,"Eurostat - Enquête sur les forces de travail et statistiques structurelles sur les entreprises
(Table htec_emp_reg2)",2017-09-14,"La part de l'emploi dans le secteur des hautes technologies est le rapport entre le nombre d'emploi dans le secteur des hautes technologies et l'emploi total. Les secteurs de haute technologie incluent les industries manufacturières de haute technologie et les services à forte intensité de connaissances, qui se définissent en fonction de l’intensité technologique et sur la base de la nomenclature des activités NACE. Il convient de souligner que les statistiques sur l’emploi dans les secteurs de haute technologie portent sur l’ensemble des personnes (y compris le personnel auxiliaire) qui travaillent dans ces entreprises et font gonfler de ce fait le nombre d’employés hautement qualifiés.
La distinction entre l’industrie manufacturière et les services est établie en raison de l’existence de deux méthodologies différentes. Alors que l’intensité de la R & D est utilisée pour distinguer les industries manufacturières de haute, moyenne-haute, moyenne-basse et basse technologie, la part de la population active ayant terminé l’enseignement supérieur est utilisée pour les services afin dopérer une distinction entre les services à forte intensité de connaissances et ceux à faible intensité de connaissances.
L’industrie manufacturière de haute technologie comprend la fabrication de produits et de préparations pharmaceutiques de base, de produits informatiques, électroniques et optiques, ainsi que la construction aéronautique et spatiale.
Les services de haute technologie à forte intensité de connaissances comprennent la production de films, de vidéos et de programmes de télévision, les activités d’enregistrement sonore et d’édition musicale, la programmation et la diffusion, les télécommunications, la programmation informatique, la consultance et les activités annexes, les services d’information et les services de recherche et développement.",
BREVH,Indicateur,Structures économiques,Productions innovantes (brevets),Brevets par million d'habitants,BREV,POP_BREV,id1/id2,2012,"Eurostat - Office européen des brevets
(Table pat_ep_rtot)",2016-04-29,"Brevets déposé par million d'habitants. Un brevet est un droit de propriété intellectuelle qui confère à son titulaire le droit exclusif d’utiliser son invention dans un domaine technique particulier, pendant un nombre d’années limité.
Une demande de brevet doit se fonder sur une nouvelle solution à un problème technique qui répond à trois critères: la nouveauté, l’inventivité et l’applicabilité industrielle. Un brevet peut être accordé à une entreprise, à un organisme public ou à un particulier. Les brevets sont valables pour un pays ou une région donnée pendant une période limitée.
Les statistiques régionales sur les demandes de brevets déposées auprès de l’OEB s’appuient sur des informations tirées des adresses des inventeurs, qui ne correspondent pas toujours aux lieux (régions) d’invention, puisque les inventeurs ne vivent pas nécessairement dans la même région que celle dans laquelle ils travaillent. L’incidence de cette différence est probablement plus marquée si des unités géographiques plus petites sont utilisées.
Il convient dinterpréter ces données avec prudence, étant donné que toutes les inventions ne sont pas brevetées et que la propension à déposer des brevets varie selon les secteurs et les entreprises. Par ailleurs, la valeur technique et économique des inventions brevetées est variable.",
EMPRD,Indicateur,Structures économiques,Emploi en R&D,%,RD_EMP,POP_RD_EMP,id1/id2*100,2013,"Eurostat
(Table rd_p_persreg)",2017-02-03,"La part de l'emploi en Recherche et Développement est le rapport entre le personnel de recherche et développement et l'emploi total. On entend par personnel de recherche et développement (R & D) l'ensemble des individus occupés directement dans le secteur de la recherche et du développement, y compris ceux qui fournissent des services directs (gestionnaires, administrateurs et personnel administratif, notamment).
Les statistiques concernant le personnel de R & D sont établies sur la base de la sixième édition des lignes directrices du manuel de Frascati, publié en 2002 par l'OCDE.",
DEPRD,Indicateur,Structures économiques,Dépenses de R&D par habitant,Millions d'euros par habitant,RD_DEP,POP_RD_DEP,id1/id2,2013,"Eurostat
(Table rd_e_gerdreg)",2017-02-03,"Les dépenses en R&D sont définies comme le total des dépenses de R&D exprimé par million d'habitants. La recherche et le développement, abrégée R&D, comprend les travaux de création entrepris sur une base systématique en vue d'accroître la somme des connaissances (y compris celles de l'homme, de la culture et de la société), et l'utilisation de ces connaissances afin de concevoir de nouvelles applications.
Les statistiques d'Eurostat sur les dépenses de R&D sont élaborées selon les lignes directrices fixées dans le Manuel de Frascati (édition 2002) publié par l'OCDE. Elles couvrent les dépenses intra-muros, autrement dit toutes les dépenses de R&D effectuées dans les États membres de l'UE par les entreprises ou les institutions dans tous les secteurs de l'économie.
La principale analyse des statistiques sur la R&D repose sur quatre secteurs institutionnels d'exécution. Ces quatre secteurs sont le secteur des entreprises, le secteur des administrations publiques, le secteur de l'enseignement supérieur et le secteur des organisations privées à but non lucratif. Les données relatives aux dépenses prennent en compte la recherche effectuée sur le territoire national, quel que soit la provenance des fonds.",
AGEMED,Indicateur,Structures démographiques,Age médian,Années,AGE_MED,POP_AGE_T,id1/id2,2016,"Eurostat
(Table demo_r_pjanind3)",2017-09-06,L'âge médian est l'âge qui divise la population en deux : la moitié étant plus jeune et l’autre moitié plus âgée.,
JEUN,Indicateur,Structures démographiques,Moins de 25 ans,%,POP_LT25,POP_AGE_T,id1/id2*100,2016,"Eurostat
(Table demo_r_pjangrp3)",2017-09-08,La part des moins de 25 ans exprime le ratio entre la population âgée de 0 à 24 ans et la population totale.,
VIEU,Indicateur,Structures démographiques,Plus de 65 ans,%,POP_GE65,POP_AGE_T,id1/id2*100,2016,"Eurostat
(Table demo_r_pjangrp3)",2017-09-08,La part des plus de 65 ans exprime le ratio entre la population âgée de 65 ans et plus et la population totale.,
ESPV,Indicateur,Structures démographiques,Espérance de vie,Années,ESP_V,POP_AGE_T,id1/id2,2015,"Eurostat
(Table demo_r_mlifexp)",2017-09-14,L'espérance de vie à la naissance (ou à l'âge 0) représente la durée de vie moyenne - autrement dit l'âge moyen au décès - d'une génération fictive soumise aux conditions de mortalité de l'année. Elle caractérise la mortalité indépendamment de la structure par âge.,
JEUNACT,Indicateur,Structures démographiques,Ratio 0-24 / 25-64 ans (renouvellement des actifs),%,POP_LT25,POP_2564,id1/id2*100,2016,"Eurostat
(Table demo_r_pjangrp3)",2017-09-08,"L'indice de renouvellement des actifs exprime le ratio entre la population âgée de 0 à 24 ans et la population âgée de 25 à 64 ans. Cet indicateur correspond au taux de dépendance des jeunes. Plus cet indice est élevé, plus la part de la population jeune est importante, toute chose égale par rapport à l'importance de la population en âge de travailler. Un indice supérieur à 100 signifie qu'il y a davantage de jeunes que de personnes en âge de travailler, et qu'en conséquence le renouvellement de la population en âge de travailler a davantage de probabilité d'être assuré à l'avenir (hors effets migratoires).",
JEUNACT10,Indicateur,Structures démographiques,Ratio 0-24 / 55-64 ans (renouvellement des actifs d'ici 10 ans),%,POP_1524,POP_5564,id1/id2*100,2016,"Eurostat
(Table demo_r_pjangrp3)",2017-09-08,"L'indice de renouvellement des actifs dans les 10 ans à venir exprime le ratio entre la population âgée de 15 à 24 ans et la population âgée  de 55 à 64 ans. Cet indicateur est inspiré des taux de dépendance. Plus cet indice est élevé, plus la part de la population qui va arriver sur le marché du travail dans les 10 ans à venir est importante, toute chose égale par rapport à l'importance de la population qui va être en âge de partir en retraite. Un indice supérieur à 100 signifie que la population âgée de 15 à 24 ans est supérieure à la population âgée de 55 à 64 ans, et qu'en conséquence la population en âge de travailler a davantage de probabilité d'être renouvelée dans les 10 ans à venir (hors effets migratoires).",
VIEUACT,Indicateur,Structures démographiques,Ratio 65 ans et plus / 25-64 ans (pression sur financement des retraites),%,POP_GE65,POP_2564,id1/id2*100,2016,"Eurostat
(Table demo_r_pjangrp3)",2017-09-08,"L'indice de pression sur le financement des retraites exprime le ratio entre la population âgée de 65 ans et plus et la population âgée de 25 à 64 ans. Cet indicateur correspond au taux de dépendance des vieux. Plus cet indice est élevé, plus la part de la population âgée est importante, toute chose égale par rapport à l'importance de la population en âge de travailler. Un indice supérieur à 100 signifie qu'il y a davantage de personnes âgées que de personnes en âge de travailler, et qu'en conséquence le financement des retraites a moins de probabilité d'être assuré par la masse des personnes en âge de travailler à l'avenir.",
RT_CHOM_FEM,Stock,,Taux de chômage des femmes,%,CHOM_FEM,ACT_FEM,id1/id2*100,2015,,,,
RT_CHOM_MAL,Stock,,Taux de chômage des hommes,%,CHOM_MAL,ACT_MAL,id1/id2*100,2015,,,,
CHOM_1574,Stock,,Chômeurs agés de 15 à 74 ans,Habitants,,,1000,2016,,,,
CHOM_1524,Stock,,Chômeurs agés de 15 à 24 ans,Habitants,,,1000,2013,,,,
CHOM_LONG,Stock,,Chômeurs de longue durée,Habitants,,,1000,2014,,,,
CHOM_FEM,Stock,,"Chômeurs, femmes",Habitants,,,1000,2015,,,,
CHOM_MAL,Stock,,"Chômeurs, hommes",Habitants,,,1000,2015,,,,
EMP_2564,Stock,,Personnes employées âgées de 25 à 64 ans,Habitants,,,1000,2016,,,,
ACT_1574,Stock,,Actifs âgés de 15 à 74 ans,Habitants,,,1000,2016,,,,
ACT_1524,Stock,,Actifs âgés de 15 à 24 ans,Habitants,,,1000,2013,,,,
ACT_LONG,Stock,,Actifs,Habitants,,,1000,2014,,,,
ACT_2564,Stock,,Actifs âgés de de 25 à 64 ans,Habitants,,,1000,2016,,,,
ACT_FEM,Stock,,"Actifs, femmes",Habitants,,,1000,2015,,,,
ACT_MAL,Stock,,"Actifs, hommmes",Habitants,,,1000,2015,,,,
ENSSUP_2564,Stock,,Population âgée de 25 à 64 ans ayant achevé avec succès des études de l?enseignement supérieur,Habitants,,,1,2016,,,,
Y25_64,Stock,,Population âgée de 25 à 64 ans,Habitants,,,1,2016,,,,
Y18_24_LEAV,Stock,,Jeunes de 18 à 24 ans qui ont au maximum suivi le premier cycle de l?enseignement secondaire,Habitants,,,1,2014,,,,
Y18_24,Stock,,Population âgée de 18 à 24 ans,Habitants,,,1,2014,,,,
REV,Stock,,Masse de revenu,Euros,,,1000000,2014,,,,
MEN,Stock,,Ménages,Ménages,,,1000000,2014,,,,
EMP_PT,Stock,,Personnes employées à temps partiel,Habitants,,,1000,2016,,,,
EMP_FT,Stock,,Personnes employées à temps plein,Habitants,,,1000,2016,,,,
PIB,Stock,,"Produit intérieur brut, en standard de pouvoir d'achant",Euros,,,1000000,2014,,,,
POP_PIB,Stock,,Population totale,Habitants,,,1000000,2014,,,,
EMP_TERT,Stock,,Personnes employées dans le secteur tertiaire,Habitants,,,1000,2015,,,,
EMP_ADM,Stock,,Personnes employées dans le secteur de reproduction sociale,Habitants,,,1000,2015,,,,
EMP_HTEC,Stock,,Personnes employées dans le secteur des hautes technologies,Habitants,,,1000,2015,,,,
EMP_TOTAL,Stock,,Personnes employées,Habitants,,,1000,2015,,,,
EMP_T_HTEC,Stock,,Personnes employées,Habitants,,,1000,2015,,,,
VA_TERTOT,Stock,,Valeur ajoutée dans le secteur tertiaire,Euros,,,1000000,2013,,,,
VA_TOTAL,Stock,,Valeur ajoutée totale,Euros,,,1000000,2013,,,,
BREV,Stock,,Brevets déposés,Brevets,,,1,2012,,,,
POP_BREV,Stock,,Population totale,Habitants,,,1000000,2012,,,,
RD_EMP,Stock,,Personnes employées dans le secteur de la R&D,Habitants,,,1,2013,,,,
POP_RD_DEP,Stock,,Emploi total,Habitants,,,1,2013,,,,
RD_DEP,Stock,,Dépensses en R&D,Euros,,,1000000,2013,,,,
POP_RD_EMP,Stock,,Population totale,Habitants,,,1000000,2013,,,,
ARTIF_AREA,Stock,,Surface artificielle,km²,,,1,2015,,,,
LC_AREA,Stock,,Surface totale,km²,,,1,2015,,,,
IND_LU,Stock,,Surface utilisée par les industries ayant un lourd impact pour l'environnement,km²,,,1,2015,,,,
LU,Stock,,Surface utilisée totale,km²,,,1,2015,,,,
POP_LT25,Stock,,Population âgée de moins de 25 ans,Habitants,,,1,2016,,,,
POP_GE65,Stock,,Population âgée de plus de 65 ans,Habitants,,,1,2016,,,,
POP_1524,Stock,,Population âgée de 15 à 24 ans,Habitants,,,1,2016,,,,
AGE_MED,Stock,,Age médian multiplié par la population,Nombre d'années vécues,,,1,2016,,,,
ESP_V,Stock,,Espérance de vie multiplié par la population,Nombre d'années à vivre,,,1,2016,,,,
POP_AGE_T,Poids,,Population totale,Habitants,,,1,2016,,,,
POP_2564,Stock,,Population âgée de 25 à 64 ans,Habitants,,,1,2016,,,,
POP_5564,Stock,,Population âgée de 55 à 64 ans,Habitants,,,1,2016,,,,
N1,Territorial division,,NUTS1,,,,,,Eurostat,Version 2013 (NUTS),Nomenclature officielle NUTS1 version 2016. Maillage territorial européen dans lequel figurent les régions françaises après la réforme territoriale de 2015 (13 régions métropolitaines).,
N12_POL,Territorial division,,Maille Infra Nationale de Décision,,,,,,UMS RIATE,Version 2013 (NUTS),"La Maille Infra Nationale de Décision combine les niveaux 1 et 2 de la nomenclature territoriale NUTS pour proposer un maillage territorial comparable d'un point de vue statistique et pertinent d'un point de vue de la prise de décision politique. A titre d'exemple pour la France cela correspond aux délimitations des nouvelles régions (NUTS1 et NUTS2 pour les Départements d'Outre-Mer), pour l'Allemagne aux Länder (NUTS1), pour l'Espagne aux Communautés Autonomes (NUTS2) ou pour l'Italie aux Regione (NUTS2).",Doc_Maille_infranationale_decision.pdf
N2,Territorial division,,NUTS2,,,,,,Eurostat,Version 2013 (NUTS),Nomenclature officielle NUTS2 version 2013. Maillage territorial européen dans lequel figurent les régions françaises avant la réforme territoriale de 2015 (22 régions métropolitaines).,
DEFAULT,Study Area,,UE28,,,,,,UMS RIATE,2017-09-11,Les régions sont comparées à l’ensemble des régions de l’Union Européenne 28.,
SPAT,Study Area,,Voisinage géographique,,,,,,UMS RIATE,2017-09-11,Les régions sont comparées aux régions dont le centre géométrique (distance de centroïde à centroïde) est situé à un pas de distance défini par l’utilisateur. Par défaut celui-ci est paramétré pour être adapté à la surface moyenne des unités territoriales de l'espace d'étude.,
UNIT_SUP,Study Area,,Pays d'appartenance,,,,,,UMS RIATE,2017-09-11,Ce contexte permet de comparer les régions partageant la même appartenance territoriale (restreindre la comparaison aux seules régions françaises).,
TypoUrbN12,Study Area,N12_POL,Niveau d'urbanisation,,,,,,UMS RIATE,2017-09-11,"Ce filtre spatial peut être utilisé pour comparer les régions caractérisées par un niveau d’urbanisation similaire. Ces niveaux sont définis en fonction de la part de la population régionale qui réside dans une ville (Urban Morphological Zone > 10 000 habitants) en 2000.

Les catégories proposées sont les suivantes :
- Part de la population urbaine comprise entre 4 et 33 %
- Part de la population urbaine comprise entre 33 et 50 %
- Part de la population urbaine comprise entre 50 et 67 %
- Part de la population urbaine comprise entre 67 et 100 %",Doc_Espace_etude_urbanisation.pdf
TypoUrbN1,Study Area,N1,Niveau d'urbanisation,,,,,,UMS RIATE,2017-09-11,"Ce filtre spatial peut être utilisé pour comparer les régions caractérisées par un niveau d’urbanisation similaire. Ces niveaux sont définis en fonction de la part de la population régionale qui réside dans une ville (Urban Morphological Zone > 10 000 habitants) en 2000.

Les catégories proposées sont les suivantes :
- Part de la population urbaine comprise entre 4 et 33 %
- Part de la population urbaine comprise entre 33 et 50 %
- Part de la population urbaine comprise entre 50 et 67 %
- Part de la population urbaine comprise entre 67 et 100 %",Doc_Espace_etude_urbanisation.pdf
TypoPopN12,Study Area,N12_POL,Poids démographique,,,,,,UMS RIATE,2017-09-11,"Ce filtre spatial peut être utilisé pour comparer les régions caractérisées par un poids démographique semblable. Il est proposé dans Regioviz afin de mieux rendre compte de l’hétérogénéité de taille démographique des mailles territoriales européennes. Il peut en effet paraître inopportun de comparer sur le même plan les valeurs régionales des îles Åland, peuplées de moins de 30 000 habitants et celle de l’Ile-de-France, peuplée de près de 13 000 000 d’habitants. Lorsque cet espace d'étude est activé, la région sélectionnée est comparée aux autres régions partageant des caractéristiques similaires.

Les catégories proposées sont les suivantes :
- Régions de moins de 850 000 habitants
- Régions entre 850 000 et 1 500 000 habitants
- Régions entre 1 500 000 et 2 700 000 habitants
- Régions entre 2 700 000 et 17 850 000 habitants",Doc_Espace_etude_masse_demo.pdf
TypoPopN1,Study Area,N1,Poids démographique,,,,,,UMS RIATE,2017-09-11,"Ce filtre spatial peut être utilisé pour comparer les régions caractérisées par un poids démographique semblable. Il est proposé dans Regioviz afin de mieux rendre compte de l’hétérogénéité de taille démographique des mailles territoriales européennes. Il peut en effet paraître inopportun de comparer sur le même plan les valeurs régionales des îles Åland, peuplées de moins de 30 000 habitants et celle de l’Ile-de-France, peuplée de près de 13 000 000 d’habitants. Lorsque cet espace d'étude est activé, la région sélectionnée est comparée aux autres régions partageant des caractéristiques similaires.

 Les catégories proposées sont les suivantes :
- Régions de moins de 2 600 000 habitants
- Régions entre 2 600 000 et 4 000 000 habitants
- Régions entre 4 000 000 et 6 000 000 habitants
- Régions entre 6 000 000 et 17 850 000 habitants",Doc_Espace_etude_masse_demo.pdf
TypoGDPN12,Study Area,N12_POL,Niveau de richesse,,,,,,UMS RIATE,2017-09-11,"Ce filtre spatial peut être utilisé pour comparer les régions caractérisées par des niveaux de PIB par habitant similaires. Les seuils retenus pour définir les catégories de ce filtre sont aussi ceux qui sont utilisés par la Politique de Cohésion de l’Union Européenne. Les catégories créées pour cet espace d'étude prennent en compte les valeurs de PIB par habitant en parité (2014) comparé à la moyenne de l'Union Européenne. Lorsque cet espace d'étude est activé, la région sélectionnée est comparée aux autres régions partageant des caractéristiques similaires. 

Les catégories proposées sont les suivantes :
- PIB par habitant inférieur à 75 % de la moyenne de l'UE
- PIB par habitant entre 75 et 90% de la moyenne de l'UE
- PIB par habitant entre 90 et 110% de la moyenne de l'UE
- PIB par habitant supérieur à 110 % de la moyenne de l'UE",Doc_Espace_etude_richesse.pdf
TypoGDPN1,Study Area,N1,Niveau de richesse,,,,,,UMS RIATE,2017-09-11,"Ce filtre spatial peut être utilisé pour comparer les régions caractérisées par des niveaux de PIB par habitant similaires. Les seuils retenus pour définir les catégories de ce filtre sont aussi ceux qui sont utilisés par la Politique de Cohésion de l’Union Européenne. Les catégories créées pour cet espace d'étude prennent en compte les valeurs de PIB par habitant en parité (2014) comparé à la moyenne de l'Union Européenne. Lorsque cet espace d'étude est activé, la région sélectionnée est comparée aux autres régions partageant des caractéristiques similaires. 

Les catégories proposées sont les suivantes :
- PIB par habitant inférieur à 75 % de la moyenne de l'UE
- PIB par habitant entre 75 et 90% de la moyenne de l'UE
- PIB par habitant entre 90 et 110% de la moyenne de l'UE
- PIB par habitant supérieur à 110 % de la moyenne de l'UE",Doc_Espace_etude_richesse.pdf
TypoEcoSpeN12,Study Area,N12_POL,Spécialisation économique,,,,,,UMS RIATE,2017-09-11,"Ce filtre spatial peut être utilisé pour comparer les régions qui partagent des similarités en termes de spécialisation de l’emploi. Les données reposent sur l’Enquête sur les Forces de Travail (LFS) agrégées en 8 postes d’activité en 2015. La typologie qui en résulte est issue d’un traitement statistique combinant analyse factorielle des correspondances (AFC) et classification ascendante hiérarchique (CAH).

Les spécialisations économiques qui en résultent sont les suivantes :
- Activités spécialisées supérieures
- Profil moyen / administration publique et activités spécialisées
- Industrie
- Activités de service et de tourisme, agriculture
- Agriculture et pêche",Doc_Espace_etude_specialisation_economique.pdf
TypoEcoSpeN1,Study Area,N1,Spécialisation économique,,,,,,UMS RIATE,2017-09-11,"Ce filtre spatial peut être utilisé pour comparer les régions qui partagent des similarités en termes de spécialisation de l’emploi. Les données reposent sur l’Enquête sur les Forces de Travail (LFS) agrégées en 8 postes d’activité en 2015. La typologie qui en résulte est issue d’un traitement statistique combinant analyse factorielle des correspondances (AFC) et classification ascendante hiérarchique (CAH).

Les spécialisations économiques qui en résultent sont les suivantes :
- Activités spécialisées supérieures
- Profil moyen / administration publique et activités spécialisées
- Industrie
- Activités de service et de tourisme, agriculture
- Agriculture et pêche",Doc_Espace_etude_specialisation_economique.pdf
TypoEmpN12,Study Area,N12_POL,Evolution de l'emploi,,,,,,UMS RIATE,2017-09-11,"Ce filtre spatial peut être utilisé pour comparer les régions caractérisées par des évolutions semblables de l’emploi entre 2008 et 2016. Le début de la période considérée est contemporain de la crise économique qui a eu des effets différenciés sur les marchés du travail régionaux. On distingue ainsi quatre catégories de régions, selon qu’elles sont caractérisées par une baisse importante, une baisse modérée, une hausse modérée ou une hausse importante de l’emploi sur toute la période considérée.

Les catégories proposées sont les suivantes :
- Régions caractérisées par une baisse importante de l'emploi (-3.62 - -0,79 %)
- Régions caractérisées par une baisse modérée de l'emploi (-0,79 - 0 %)
- Régions caractérisées par une hausse modérée de l'emploi (0 - 0,76 %)
- Régions caractérisées par une hausse importante de l'emploi (0,76 - 3,6 %)",Doc_Espace_etude_evol_emploi.pdf
TypoEmpN1,Study Area,N1,Evolution de l'emploi,,,,,,UMS RIATE,2017-09-11,"Ce filtre spatial peut être utilisé pour comparer les régions caractérisées par des évolutions semblables de l’emploi entre 2008 et 2016. Le début de la période considérée est contemporain de la crise économique qui a eu des effets différenciés sur les marchés du travail régionaux. On distingue ainsi quatre catégories de régions, selon qu’elles sont caractérisées par une baisse importante, une baisse modérée, une hausse modérée ou une hausse importante de l’emploi sur toute la période considérée.

Les catégories proposées sont les suivantes :
- Régions caractérisées par une baisse importante de l'emploi (-3.62 - -0,67 %)
- Régions caractérisées par une baisse modérée de l'emploi (-0,67 - 0 %)
- Régions caractérisées par une hausse modérée de l'emploi (0 - 0,79 %)
- Régions caractérisées par une hausse importante de l'emploi (0,79 - 3,6 %)",Doc_Espace_etude_evol_emploi.pdf
TypoDemoN12,Study Area,N12_POL,Évolution démographique,,,,,,UMS RIATE,2017-09-11,"Ce filtre spatial peut être utilisé pour comparer les régions caractérisées par des évolutions semblables de la population ces dix dernières années (2007-2016). Dans un contexte européen caractérisé par le ralentissement continu de la croissance démographique et par la diffusion des situations de déclin démographique à l’échelle des régions et même des États, quatre catégories de régions ont été identifiées :
- Régions en décroissance démographique (-1.71 - 0 %)
- Régions en croissance démographique faible (0 - 0,24 %)
- Régions en croissance démographique modérée (0,24 - 0,63 %)
- Régions en forte croissance démographique (0,63 - 2,61 %)",Doc_Espace_etude_evol_demo.pdf
TypoDemoN1,Study Area,N1,Évolution démographique,,,,,,UMS RIATE,2017-09-11,"Ce filtre spatial peut être utilisé pour comparer les régions caractérisées par des évolutions semblables de la population ces dix dernières années (2007-2016). Dans un contexte européen caractérisé par le ralentissement continu de la croissance démographique et par la diffusion des situations de déclin démographique à l’échelle des régions et même des États, quatre catégories de régions ont été identifiées :
- Régions en décroissance démographique (-1.5 - 0 %)
- Régions en croissance démographique faible (0 - 0,24 %)
- Régions en croissance démographique modérée (0,24 - 0,61 %)
- Régions en forte croissance démographique (0,61 - 2,14 %)",Doc_Espace_etude_evol_demo.pdf
