{
  "back": {
    "id": "back",
    "fill": "#e9f4fe",
    "fill-opacity": 1
  },
  "back_countries": {
    "id": "back_countries",
    "fill": "#cececd",
    "fill-opacity": 1
  },
  "territoires_france": {
    "id": "territoires_france",
    "fill": "#9390fc",
    "fill-opacity": 1,
    "stroke-width": 0.15,
    "stroke": "#f7fcfe",
    "stroke-opacity": 0.9,
    "target": true
  },
  "regions": {
    "id": "regions",
    "stroke": "#ffffff",
    "stroke-width": 0.3,
    "stroke-opacity": 1,
    "fill": "none"
  },
  "boundaries": {
    "id": "boundaries",
    "stroke": "#ffffff",
    "stroke-width": 0.4,
    "stroke-opacity": 1,
    "fill": "none"
  },
  "coasts": {
    "id": "coasts",
    "stroke": "#3954b5",
    "stroke-width": 0.2,
    "stroke-opacity": 1,
    "fill": "none"
  },
  "boxes": {
    "id": "boxes",
    "stroke": "#7a7a7a",
    "stroke-width": 0.3,
    "fill": "none"
  }
}
